TimeStamp,ActualClutchSlip,AtmosphericPressure,BatteryVoltage,BoostPressure,CompressorOutTemp,ControlheadPosition,CourseOverGround,CourseOverGround_deg,EcuTemp,EngineCoolantTemp,EngineFwVersion,EngineLoad,EngineModel,EngineOilPressure,EngineOilTemp,EngineRoomTemp,EngineSerialnumber,EngineSpeed,EngineSwVersion,ExhaustGasTemp,FuelRailPressure,FuelRate,FuelRateAverage,FuelTemp,FuelUsed,GearCommand,GearboxGear,GearboxOilPressure,GearboxOilTemp,GpcDuty,GpcModuleFaults,GpcState,IntakeManifoldTemp,Latitude,Longitude,PortCylinderPosition,PressureSource,PropellerSpeed,PttTrim,RequestClutchSlip,SpeedOverGround,SpeedOverGround_kn,StbdCylinderPosition,TemperatueSource,ThrottleCommand,TotalEngineHours,_EngineOilPressure,_FuelRate,_GearboxOilPressure,_Latitude,_Longitude,_SpeedOverGround
2022-12-27 14:38:06+00:00,0.0,,,,,0.0,,,,,,,None,,,,,,,,,,,,,,,,,,,,,,,,,0.0,,0.0,,,,,,,,,,,,
2022-12-27 14:38:06.100000+00:00,0.0,,11.61,102600.0,,0.0,,,300.212,321.0,,0.0,None,0.0,275.0,,,0.0,,,,0.0,,,,,1.0,102000.0,6553.5,,,,292.909,,,,,0.0,0.0,0.0,,,,,,2975970.0,,,,,,
2022-12-27 14:38:06.200000+00:00,0.0,,,102600.0,,0.0,,,,,,,None,,,,,0.0,,,,,,,,,1.0,102000.0,6553.5,,,,,,,,,0.0,0.0,0.0,,,,,,,,,,,,
2022-12-27 14:38:06.300000+00:00,0.0,,,102600.0,,0.0,,,,,,,None,,,,,0.0,,,,,,,,,1.0,102000.0,6553.5,,,,,,,,,0.0,0.0,0.0,,,,,,,,,,,,
2022-12-27 14:38:06.400000+00:00,0.0,,,102600.0,,0.0,,,,,,,None,,,,,0.0,,,,,,,,,1.0,102000.0,6553.5,,,,,,,,,0.0,0.0,0.0,,,,,,,,,,,,
2022-12-27 14:38:06.500000+00:00,0.0,,,102600.0,,0.0,,,,,,,None,,,,,0.0,,,,,,,,,1.0,102000.0,6553.5,,,,,,,,,0.0,0.0,0.0,,,,,,,,,,,,
2022-12-27 14:38:06.600000+00:00,0.0,102400.0,11.63,102600.0,,0.0,,,300.414,321.0,,0.0,None,0.0,275.0,,,0.0,,,228885.3,0.0,0.0,,0.0,,1.0,102000.0,6553.5,,,,292.909,,,,,0.0,0.0,0.0,,,,,,2975970.0,0.0,0.0,102000.0,,,
2022-12-27 14:38:06.700000+00:00,0.0,,,102600.0,,0.0,,,,,,,None,,,,,0.0,,,,,,,,,1.0,102000.0,6553.5,,,,,,,,,0.0,0.0,0.0,,,,,,,,,,,,
2022-12-27 14:38:06.800000+00:00,0.0,,,102600.0,,0.0,,,,,,,None,,,,,0.0,,,,,,,,,1.0,102000.0,6553.5,,,,,,,,,0.0,0.0,0.0,,,,,,,,,,,,
2022-12-27 14:38:06.900000+00:00,0.0,,,102600.0,,0.0,,,,,,,None,,,,,0.0,,,,,,,,,1.0,102000.0,6553.5,,,,,,,,,0.0,0.0,0.0,,,,,,,,,,,,
2022-12-27 14:38:07+00:00,0.0,,,102600.0,,0.0,,,,,,,None,,,,,0.0,,,,,,,,,1.0,102000.0,6553.5,,,,,,,,,0.0,0.0,0.0,,,,,,,,,,,,
2022-12-27 14:38:07.100000+00:00,0.0,,11.63,102600.0,,0.0,,,300.515,321.0,,0.0,None,0.0,275.0,,,0.0,,,,0.0,,,,,1.0,102000.0,6553.5,,,,292.709,,,,,0.0,0.0,0.0,,,,,,2975970.0,,,,,,
2022-12-27 14:38:07.200000+00:00,0.0,,,102600.0,,0.0,,,,,,,None,,,,,0.0,,,,,,,,,1.0,102000.0,6553.5,,,,,,,,,0.0,0.0,0.0,,,,,,,,,,,,
2022-12-27 14:38:07.300000+00:00,0.0,,,102600.0,,0.0,,,,,,,None,,,,,0.0,,,,,,,,,1.0,102000.0,6553.5,,,,,,,,,0.0,0.0,0.0,,,,,,,,,,,,
2022-12-27 14:38:07.400000+00:00,0.0,,,102600.0,,0.0,,,,,,,None,,,,,0.0,,,,,,,,,1.0,102000.0,6553.5,,,,,,,,,0.0,0.0,0.0,,,,,,,,,,,,
2022-12-27 14:38:07.500000+00:00,0.0,,,102600.0,,0.0,,,,,,,None,,,,,0.0,,,,,,,,,1.0,102000.0,6553.5,,,,,,,,,0.0,0.0,0.0,,,,,,,,,,,,
2022-12-27 14:38:07.600000+00:00,0.0,,11.63,102600.0,,0.0,,,300.515,321.0,,0.0,None,0.0,275.0,,,0.0,,,,0.0,0.0,,0.0,,1.0,102000.0,6553.5,,,,292.709,,,,,0.0,0.0,0.0,,,,,,2975970.0,,0.0,,,,
2022-12-27 14:38:07.700000+00:00,0.0,,,102600.0,,0.0,,,,,,,None,,,,,0.0,,,,,,,,,1.0,102000.0,6553.5,,,,,,,,,0.0,0.0,0.0,,,,,,,,,,,,
2022-12-27 14:38:07.800000+00:00,0.0,,,102600.0,,0.0,,,,,,,None,,,,,0.0,,,,,,,,,1.0,102000.0,6553.5,,,,,,,,,0.0,0.0,0.0,,,,,,,,,,,,
2022-12-27 14:38:07.900000+00:00,0.0,,,102600.0,,0.0,,,,,,,None,,,,,0.0,,,,,,,,,1.0,102000.0,6553.5,,,,,,,,,0.0,0.0,0.0,,,,,,,,,,,,
2022-12-27 14:38:08+00:00,0.0,,,102600.0,,0.0,,,,,,,None,,,,,0.0,,,,,,,,,1.0,102000.0,6553.5,,,,,,,,,0.0,0.0,0.0,,,,,,,,,,,,
2022-12-27 14:38:08.100000+00:00,0.0,,11.63,102500.0,,0.0,,,300.71,321.0,,0.0,None,0.0,276.0,,,0.0,,,,0.0,,,,,1.0,102000.0,6553.5,,,,292.909,,,,,0.0,0.0,0.0,,,,,,2975970.0,,,,,,
2022-12-27 14:38:08.200000+00:00,0.0,,,102500.0,,0.0,,,,,,,None,,,,,0.0,,,,,,,,,1.0,102000.0,6553.5,,,,,,,,,0.0,0.0,0.0,,,,,,,,,,,,
2022-12-27 14:38:08.300000+00:00,0.0,,,102500.0,,0.0,,,,,,,None,,,,,0.0,,,,,,,,,1.0,102000.0,6553.5,,,,,,,,,0.0,0.0,0.0,,,,,,,,,,,,
2022-12-27 14:38:08.400000+00:00,0.0,,,102500.0,,0.0,,,,,,,None,,,,,0.0,,,,,,,,,1.0,102000.0,6553.5,,,,,,,,,0.0,0.0,0.0,,,,,,,,,,,,
2022-12-27 14:38:08.500000+00:00,0.0,,,102500.0,,0.0,,,,,,,None,,,,,0.0,,,,,,,,,1.0,101000.0,6553.5,,,,,,,,,0.0,0.0,0.0,,,,,,,,,,,,
2022-12-27 14:38:08.600000+00:00,0.0,102400.0,11.77,102500.0,,0.0,,,300.71,321.0,,0.0,None,0.0,276.0,,,0.0,,,228885.3,0.0,0.0,,0.0,,1.0,101000.0,6553.5,,,,292.909,,,,,0.0,0.0,0.0,,,,,,2975970.0,0.0,0.0,101000.0,,,
2022-12-27 14:38:08.700000+00:00,0.0,,,102500.0,,0.0,,,,,,,None,,,,,0.0,,,,,,,,,1.0,101000.0,6553.5,,,,,,,,,0.0,0.0,0.0,,,,,,,,,,,,
2022-12-27 14:38:08.800000+00:00,0.0,,,102500.0,,0.0,,,,,,,None,,,,,0.0,,,,,,,,,1.0,101000.0,6553.5,,,,,,,,,0.0,0.0,0.0,,,,,,,,,,,,
2022-12-27 14:38:08.900000+00:00,0.0,,,102600.0,,0.0,,,,,,,None,,,,,0.0,,,,,,,,,1.0,101000.0,6553.5,,,,,,,,,0.0,0.0,0.0,,,,,,,,,,,,
2022-12-27 14:38:09+00:00,0.0,,,102600.0,,0.0,,,,,,,None,,,,,0.0,,,,,,,,,1.0,101000.0,6553.5,,,,,,,,,0.0,0.0,0.0,,,,,,,,,,,,
2022-12-27 14:38:09.100000+00:00,0.0,,11.69,102600.0,,0.0,,,300.71,321.0,,0.0,None,0.0,276.0,,,0.0,,,,0.0,,,,,1.0,101000.0,6553.5,,,,292.909,,,,,0.0,0.0,0.0,,,,,,2975970.0,,,,,,
2022-12-27 14:38:09.200000+00:00,0.0,,,102600.0,,0.0,,,,,,,None,,,,,0.0,,,,,,,,,1.0,101000.0,6553.5,,,,,,,,,0.0,0.0,0.0,,,,,,,,,,,,
2022-12-27 14:38:09.300000+00:00,0.0,,,102600.0,,0.0,,,,,,,None,,,,,0.0,,,,,,,,,1.0,101000.0,6553.5,,,,,,,,,0.0,0.0,0.0,,,,,,,,,,,,
2022-12-27 14:38:09.400000+00:00,0.0,,,102600.0,,0.0,,,,,,,None,,,,,0.0,,,,,,,,,1.0,101000.0,6553.5,,,,,,,,,0.0,0.0,0.0,,,,,,,,,,,,
2022-12-27 14:38:09.500000+00:00,0.0,,,102600.0,,0.0,,,,,,,None,,,,,0.0,,,,,,,,,1.0,101000.0,6553.5,,,,,,,,,0.0,0.0,0.0,,,,,,,,,,,,
2022-12-27 14:38:09.600000+00:00,0.0,,11.69,102600.0,,0.0,,,300.811,321.0,,0.0,None,0.0,276.0,,,0.0,,,,0.0,0.0,,0.0,,1.0,101000.0,6553.5,,,,292.709,,,,,0.0,0.0,0.0,,,,,,2975970.0,,0.0,,,,
2022-12-27 14:38:09.700000+00:00,0.0,,,102600.0,,0.0,,,,,,,None,,,,,0.0,,,,,,,,,1.0,101000.0,6553.5,,,,,,,,,0.0,0.0,0.0,,,,,,,,,,,,
2022-12-27 14:38:09.800000+00:00,0.0,,,102600.0,,0.0,,,,,,,None,,,,,0.0,,,,,,,,,1.0,100000.0,6553.5,,,,,,,,,0.0,0.0,0.0,,,,,,,,,,,,
2022-12-27 14:38:09.900000+00:00,0.0,,,102600.0,,0.0,,,,,,,None,,,,,0.0,,,,,,,,,1.0,100000.0,6553.5,,,,,,,,,0.0,0.0,0.0,,,,,,,,,,,,
2022-12-27 14:38:10+00:00,0.0,,,102600.0,,0.0,,,,,,,None,,,,,0.0,,,,,,,,,1.0,100000.0,6553.5,,,,,,,,,0.0,0.0,0.0,,,,,,,,,,,,
2022-12-27 14:38:10.100000+00:00,0.0,,11.81,102600.0,,0.0,,,300.811,321.0,,0.0,None,0.0,277.0,,,0.0,,,,0.0,,,,,1.0,100000.0,6553.5,,,,292.909,,,,,0.0,0.0,0.0,,,,,,2975970.0,,,,,,
2022-12-27 14:38:10.200000+00:00,0.0,,,102600.0,,0.0,,,,,,,None,,,,,0.0,,,,,,,,,1.0,100000.0,6553.5,,,,,,,,,0.0,0.0,0.0,,,,,,,,,,,,
2022-12-27 14:38:10.300000+00:00,0.0,,,102600.0,,0.0,,,,,,,None,,,,,0.0,,,,,,,,,1.0,100000.0,6553.5,,,,,,,,,0.0,0.0,0.0,,,,,,,,,,,,
2022-12-27 14:38:10.400000+00:00,0.0,,,102600.0,,0.0,,,,,,,None,,,,,0.0,,,,,,,,,1.0,100000.0,6553.5,,,,,,,,,0.0,0.0,0.0,,,,,,,,,,,,
2022-12-27 14:38:10.500000+00:00,0.0,,,102600.0,,0.0,,,,,,,None,,,,,0.0,,,,,,,,,1.0,100000.0,6553.5,,,,,,,,,0.0,0.0,0.0,,,,,,,,,,,,
2022-12-27 14:38:10.600000+00:00,0.0,102400.0,11.85,102600.0,,0.0,,,300.912,321.0,,0.0,None,0.0,277.0,,,0.0,,,228885.3,0.0,0.0,,0.0,,1.0,100000.0,6553.5,,,,292.909,,,,,0.0,0.0,0.0,,,,,,2975970.0,0.0,0.0,100000.0,,,
2022-12-27 14:38:10.700000+00:00,0.0,,,102600.0,,0.0,,,,,,,None,,,,,0.0,,,,,,,,,1.0,100000.0,6553.5,,,,,,,,,0.0,0.0,0.0,,,,,,,,,,,,
2022-12-27 14:38:10.800000+00:00,0.0,,,102600.0,,0.0,,,,,,,None,,,,,0.0,,,,,,,,,1.0,100000.0,6553.5,,,,,,,,,0.0,0.0,0.0,,,,,,,,,,,,
2022-12-27 14:38:10.900000+00:00,0.0,,,102600.0,,0.0,,,,,,,None,,,,,0.0,,,,,,,,,1.0,100000.0,6553.5,,,,,,,,,0.0,0.0,0.0,,,,,,,,,,,,
2022-12-27 14:38:11+00:00,0.0,,,102600.0,,0.0,,,,,,,None,,,,,0.0,,,,,,,,,1.0,100000.0,6553.5,,,,,,,,,0.0,0.0,0.0,,,,,,,,,,,,
2022-12-27 14:38:11.100000+00:00,0.0,,11.85,102600.0,,0.0,,,300.912,321.0,,0.0,None,0.0,277.0,,,0.0,,,,0.0,,,,,1.0,100000.0,6553.5,,,,292.909,,,,,0.0,0.0,0.0,,,,,,2975970.0,,,,,,
2022-12-27 14:38:11.200000+00:00,0.0,,,102600.0,,0.0,,,,,,,None,,,,,0.0,,,,,,,,,1.0,100000.0,6553.5,,,,,,,,,0.0,0.0,0.0,,,,,,,,,,,,
2022-12-27 14:38:11.300000+00:00,0.0,,,102600.0,,0.0,,,,,,,None,,,,,0.0,,,,,,,,,1.0,100000.0,6553.5,,,,,,,,,0.0,0.0,0.0,,,,,,,,,,,,
2022-12-27 14:38:11.400000+00:00,0.0,,,102600.0,,0.0,,,,,,,None,,,,,0.0,,,,,,,,,1.0,100000.0,6553.5,,,,,,,,,0.0,0.0,0.0,,,,,,,,,,,,
2022-12-27 14:38:11.500000+00:00,0.0,,,102600.0,,0.0,,,,,,,None,,,,,0.0,,,,,,,,,1.0,100000.0,6553.5,,,,,,,,,0.0,0.0,0.0,,,,,,,,,,,,
2022-12-27 14:38:11.600000+00:00,0.0,,11.69,102600.0,,0.0,,,300.912,321.0,,0.0,None,0.0,277.0,,,0.0,,,,0.0,0.0,,0.0,,1.0,100000.0,6553.5,,,,292.909,,,,,0.0,0.0,0.0,,,,,,2975970.0,,0.0,,,,
2022-12-27 14:38:11.700000+00:00,0.0,,,102600.0,,0.0,,,,,,,None,,,,,0.0,,,,,,,,,1.0,100000.0,6553.5,,,,,,,,,0.0,0.0,0.0,,,,,,,,,,,,
2022-12-27 14:38:11.800000+00:00,0.0,,,102600.0,,0.0,,,,,,,None,,,,,0.0,,,,,,,,,1.0,100000.0,6553.5,,,,,,,,,0.0,0.0,0.0,,,,,,,,,,,,
2022-12-27 14:38:11.900000+00:00,0.0,,,102600.0,,0.0,,,,,,,None,,,,,0.0,,,,,,,,,1.0,100000.0,6553.5,,,,,,,,,0.0,0.0,0.0,,,,,,,,,,,,
2022-12-27 14:38:12+00:00,0.0,,,102600.0,,0.0,,,,,,,None,,,,,0.0,,,,,,,,,1.0,100000.0,6553.5,,,,,,,,,0.0,0.0,0.0,,,,,,,,,,,,
2022-12-27 14:38:12.100000+00:00,0.0,,11.69,102600.0,,0.0,,,300.912,321.0,,0.0,None,0.0,278.0,,,0.0,,,,0.0,,,,,1.0,99000.0,6553.5,,,,292.709,,,,,0.0,0.0,0.0,,,,,,2975970.0,,,,,,
2022-12-27 14:38:12.200000+00:00,0.0,,,102600.0,,0.0,,,,,,,None,,,,,0.0,,,,,,,,,1.0,99000.0,6553.5,,,,,,,,,0.0,0.0,0.0,,,,,,,,,,,,
2022-12-27 14:38:12.300000+00:00,0.0,,,102600.0,,0.0,,,,,,,None,,,,,0.0,,,,,,,,,1.0,99000.0,6553.5,,,,,,,,,0.0,0.0,0.0,,,,,,,,,,,,
2022-12-27 14:38:12.400000+00:00,0.0,,,102600.0,,0.0,,,,,,,None,,,,,0.0,,,,,,,,,1.0,99000.0,6553.5,,,,,,,,,0.0,0.0,0.0,,,,,,,,,,,,
2022-12-27 14:38:12.500000+00:00,0.0,,,102600.0,,0.0,,,,,,,None,,,,,0.0,,,,,,,,,1.0,99000.0,6553.5,,,,,,,,,0.0,0.0,0.0,,,,,,,,,,,,
2022-12-27 14:38:12.600000+00:00,0.0,102400.0,11.85,102600.0,,0.0,,,300.912,321.0,,0.0,None,0.0,278.0,,,0.0,,,228885.3,0.0,0.0,,0.0,,1.0,99000.0,6553.5,,,,292.909,,,,,0.0,0.0,0.0,,,,,,2975970.0,0.0,0.0,99000.0,,,
2022-12-27 14:38:12.700000+00:00,0.0,,,102600.0,,0.0,,,,,,,None,,,,,0.0,,,,,,,,,1.0,99000.0,6553.5,,,,,,,,,0.0,0.0,0.0,,,,,,,,,,,,
2022-12-27 14:38:12.800000+00:00,0.0,,,102600.0,,0.0,,,,,,,None,,,,,0.0,,,,,,,,,1.0,99000.0,6553.5,,,,,,,,,0.0,0.0,0.0,,,,,,,,,,,,
2022-12-27 14:38:12.900000+00:00,0.0,,,102600.0,,0.0,,,,,,,None,,,,,0.0,,,,,,,,,1.0,99000.0,6553.5,,,,,,,,,0.0,0.0,0.0,,,,,,,,,,,,
2022-12-27 14:38:13+00:00,0.0,,,102600.0,,0.0,,,,,,,None,,,,,0.0,,,,,,,,,1.0,99000.0,6553.5,,,,,,,,,0.0,0.0,0.0,,,,,,,,,,,,
2022-12-27 14:38:13.100000+00:00,0.0,,12.01,102600.0,,0.0,,,300.912,321.0,,0.0,None,0.0,278.0,,,0.0,,,,0.0,,,,,1.0,98000.0,6553.5,,,,292.909,,,,,0.0,0.0,0.0,,,,,,2975970.0,,,,,,
2022-12-27 14:38:13.200000+00:00,0.0,,,102600.0,,0.0,,,,,,,None,,,,,0.0,,,,,,,,,1.0,98000.0,6553.5,,,,,,,,,0.0,0.0,0.0,,,,,,,,,,,,
2022-12-27 14:38:13.300000+00:00,0.0,,,102600.0,,0.0,,,,,,,None,,,,,0.0,,,,,,,,,1.0,98000.0,6553.5,,,,,,,,,0.0,0.0,0.0,,,,,,,,,,,,
2022-12-27 14:38:13.400000+00:00,0.0,,,102600.0,,0.0,,,,,,,None,,,,,0.0,,,,,,,,,1.0,98000.0,6553.5,,,,,,,,,0.0,0.0,0.0,,,,,,,,,,,,
2022-12-27 14:38:13.500000+00:00,0.0,,,102600.0,,0.0,,,,,,,None,,,,,0.0,,,,,,,,,1.0,98000.0,6553.5,,,,,,,,,0.0,0.0,0.0,,,,,,,,,,,,
2022-12-27 14:38:13.600000+00:00,0.0,,12.01,102600.0,,0.0,,,301.013,321.0,,0.0,None,0.0,278.0,,,0.0,,,,0.0,0.0,,0.0,,1.0,97000.0,6553.5,,,,292.709,,,,,0.0,0.0,0.0,,,,,,2975970.0,,0.0,,,,
2022-12-27 14:38:13.700000+00:00,0.0,,,102600.0,,0.0,,,,,,,None,,,,,0.0,,,,,,,,,1.0,97000.0,6553.5,,,,,,,,,0.0,0.0,0.0,,,,,,,,,,,,
2022-12-27 14:38:13.800000+00:00,0.0,,,102600.0,,0.0,,,,,,,None,,,,,0.0,,,,,,,,,1.0,97000.0,6553.5,,,,,,,,,0.0,0.0,0.0,,,,,,,,,,,,
2022-12-27 14:38:13.900000+00:00,0.0,,,102600.0,,0.0,,,,,,,None,,,,,0.0,,,,,,,,,1.0,97000.0,6553.5,,,,,,,,,0.0,0.0,0.0,,,,,,,,,,,,
2022-12-27 14:38:14+00:00,0.0,,,102600.0,,0.0,,,,,,,None,,,,,0.0,,,,,,,,,1.0,97000.0,6553.5,,,,,,,,,0.0,0.0,0.0,,,,,,,,,,,,
2022-12-27 14:38:14.100000+00:00,0.0,,12.03,102600.0,,0.0,,,301.013,321.0,,0.0,None,0.0,279.0,,,0.0,,,,0.0,,,,,1.0,97000.0,6553.5,,,,292.909,,,,,0.0,0.0,0.0,,,,,,2975970.0,,,,,,
2022-12-27 14:38:14.200000+00:00,0.0,,,102600.0,,0.0,,,,,,,None,,,,,0.0,,,,,,,,,1.0,96000.0,6553.5,,,,,,,,,0.0,0.0,0.0,,,,,,,,,,,,
2022-12-27 14:38:14.300000+00:00,0.0,,,102600.0,,0.0,,,,,,,None,,,,,0.0,,,,,,,,,1.0,96000.0,6553.5,,,,,,,,,0.0,0.0,0.0,,,,,,,,,,,,
2022-12-27 14:38:14.400000+00:00,0.0,,,102600.0,,0.0,,,,,,,None,,,,,0.0,,,,,,,,,1.0,96000.0,6553.5,,,,,,,,,0.0,0.0,0.0,,,,,,,,,,,,
2022-12-27 14:38:14.500000+00:00,0.0,,,102600.0,,0.0,,,,,,,None,,,,,0.0,,,,,,,,,1.0,96000.0,6553.5,,,,,,,,,0.0,0.0,0.0,,,,,,,,,,,,
2022-12-27 14:38:14.600000+00:00,0.0,102400.0,12.07,102600.0,,0.0,,,301.013,321.0,,0.0,None,0.0,279.0,,,0.0,,,228885.3,0.0,0.0,,0.0,,1.0,96000.0,6553.5,,,,292.909,,,,,0.0,0.0,0.0,,,,,,2975970.0,0.0,0.0,96000.0,,,
2022-12-27 14:38:14.700000+00:00,0.0,,,102600.0,,0.0,,,,,,,None,,,,,0.0,,,,,,,,,1.0,96000.0,6553.5,,,,,,,,,0.0,0.0,0.0,,,,,,,,,,,,
2022-12-27 14:38:14.800000+00:00,0.0,,,102600.0,,0.0,,,,,,,None,,,,,0.0,,,,,,,,,1.0,96000.0,6553.5,,,,,,,,,0.0,0.0,0.0,,,,,,,,,,,,
2022-12-27 14:38:14.900000+00:00,0.0,,,102600.0,,0.0,,,,,,,None,,,,,0.0,,,,,,,,,1.0,96000.0,6553.5,,,,,,,,,0.0,0.0,0.0,,,,,,,,,,,,
2022-12-27 14:38:15+00:00,0.0,,,102600.0,,0.0,,,,,,,None,,,,,0.0,,,,,,,,,1.0,96000.0,6553.5,,,,,,,,,0.0,0.0,0.0,,,,,,,,,,,,
2022-12-27 14:38:15.100000+00:00,0.0,,12.07,102600.0,,0.0,,,301.013,321.0,,0.0,None,0.0,279.0,,,0.0,,,,0.0,,,,,1.0,96000.0,6553.5,,,,292.709,,,,,0.0,0.0,0.0,,,,,,2975970.0,,,,,,
2022-12-27 14:38:15.200000+00:00,0.0,,,102600.0,,0.0,,,,,,,None,,,,,0.0,,,,,,,,,1.0,96000.0,6553.5,,,,,,,,,0.0,0.0,0.0,,,,,,,,,,,,
2022-12-27 14:38:15.300000+00:00,0.0,,,102600.0,,0.0,,,,,,,None,,,,,0.0,,,,,,,,,1.0,96000.0,6553.5,,,,,,,,,0.0,0.0,0.0,,,,,,,,,,,,
2022-12-27 14:38:15.400000+00:00,0.0,,,102600.0,,0.0,,,,,,,None,,,,,0.0,,,,,,,,,1.0,96000.0,6553.5,,,,,,,,,0.0,0.0,0.0,,,,,,,,,,,,
2022-12-27 14:38:15.500000+00:00,0.0,,,102600.0,,0.0,,,,,,,None,,,,,0.0,,,,,,,,,1.0,96000.0,6553.5,,,,,,,,,0.0,0.0,0.0,,,,,,,,,,,,
2022-12-27 14:38:15.600000+00:00,0.0,,12.07,102600.0,,0.0,,,301.013,321.0,,0.0,None,0.0,279.0,,,0.0,,,,0.0,0.0,,0.0,,1.0,96000.0,6553.5,,,,292.709,,,,,0.0,0.0,0.0,,,,,,2975970.0,,0.0,,,,
2022-12-27 14:38:15.700000+00:00,0.0,,,102600.0,,0.0,,,,,,,None,,,,,0.0,,,,,,,,,1.0,96000.0,6553.5,,,,,,,,,0.0,0.0,0.0,,,,,,,,,,,,
2022-12-27 14:38:15.800000+00:00,0.0,,,102600.0,,0.0,,,,,,,None,,,,,0.0,,,,,,,,,1.0,96000.0,6553.5,,,,,,,,,0.0,0.0,0.0,,,,,,,,,,,,
2022-12-27 14:38:15.900000+00:00,0.0,,,102600.0,,0.0,,,,,,,None,,,,,0.0,,,,,,,,,1.0,96000.0,6553.5,,,,,,,,,0.0,0.0,0.0,,,,,,,,,,,,
2022-12-27 14:38:16+00:00,0.0,,,102600.0,,0.0,,,,,,,None,,,,,0.0,,,,,,,,,1.0,96000.0,6553.5,,,,,,,,,0.0,0.0,0.0,,,,,,,,,,,,
2022-12-27 14:38:16.100000+00:00,0.0,,12.07,102600.0,,0.0,,,301.013,321.0,,0.0,None,0.0,280.0,,,0.0,,,,0.0,,,,,1.0,96000.0,6553.5,,,,292.709,,,,,0.0,0.0,0.0,,,,,,2975970.0,,,,,,
2022-12-27 14:38:16.200000+00:00,0.0,,,102600.0,,0.0,,,,,,,None,,,,,0.0,,,,,,,,,1.0,96000.0,6553.5,,,,,,,,,0.0,0.0,0.0,,,,,,,,,,,,
2022-12-27 14:38:16.300000+00:00,0.0,,,102600.0,,0.0,,,,,,,None,,,,,0.0,,,,,,,,,1.0,96000.0,6553.5,,,,,,,,,0.0,0.0,0.0,,,,,,,,,,,,
2022-12-27 14:38:16.400000+00:00,0.0,,,102600.0,,0.0,,,,,,,None,,,,,0.0,,,,,,,,,1.0,96000.0,6553.5,,,,,,,,,0.0,0.0,0.0,,,,,,,,,,,,
2022-12-27 14:38:16.500000+00:00,0.0,,,102600.0,,0.0,,,,,,,None,,,,,0.0,,,,,,,,,1.0,96000.0,6553.5,,,,,,,,,0.0,0.0,0.0,,,,,,,,,,,,
2022-12-27 14:38:16.600000+00:00,0.0,102400.0,12.07,102600.0,,0.0,,,301.013,321.0,,0.0,None,0.0,280.0,,,0.0,,,228885.3,0.0,0.0,,0.0,,1.0,96000.0,6553.5,,,,292.709,,,,,0.0,0.0,0.0,,,,,,2975970.0,0.0,0.0,96000.0,,,
2022-12-27 14:38:16.700000+00:00,0.0,,,102600.0,,0.0,,,,,,,None,,,,,0.0,,,,,,,,,1.0,96000.0,6553.5,,,,,,,,,0.0,0.0,0.0,,,,,,,,,,,,
2022-12-27 14:38:16.800000+00:00,0.0,,,102600.0,,0.0,,,,,,,None,,,,,0.0,,,,,,,,,1.0,96000.0,6553.5,,,,,,,,,0.0,0.0,0.0,,,,,,,,,,,,
2022-12-27 14:38:16.900000+00:00,0.0,,,102700.0,,0.0,,,,,,,None,,,,,0.0,,,,,,,,,1.0,96000.0,6553.5,,,,,,,,,0.0,0.0,0.0,,,,,,,,,,,,
2022-12-27 14:38:17+00:00,0.0,,,102700.0,,0.0,,,,,,,None,,,,,0.0,,,,,,,,,1.0,96000.0,6553.5,,,,,,,,,0.0,0.0,0.0,,,,,,,,,,,,
2022-12-27 14:38:17.100000+00:00,0.0,,12.09,102700.0,,0.0,,,301.013,321.0,,0.0,None,0.0,280.0,,,0.0,,,,0.0,,,,,1.0,96000.0,6553.5,,,,292.709,,,,,0.0,0.0,0.0,,,,,,2975970.0,,,,,,
2022-12-27 14:38:17.200000+00:00,0.0,,,102700.0,,0.0,,,,,,,None,,,,,0.0,,,,,,,,,1.0,96000.0,6553.5,,,,,,,,,0.0,0.0,0.0,,,,,,,,,,,,
2022-12-27 14:38:17.300000+00:00,0.0,,,102700.0,,0.0,,,,,,,None,,,,,0.0,,,,,,,,,1.0,96000.0,6553.5,,,,,,,,,0.0,0.0,0.0,,,,,,,,,,,,
2022-12-27 14:38:17.400000+00:00,0.0,,,102700.0,,0.0,,,,,,,None,,,,,0.0,,,,,,,,,1.0,96000.0,6553.5,,,,,,,,,0.0,0.0,0.0,,,,,,,,,,,,
2022-12-27 14:38:17.500000+00:00,0.0,,,102700.0,,0.0,,,,,,,None,,,,,0.0,,,,,,,,,1.0,96000.0,6553.5,,,,,,,,,0.0,0.0,0.0,,,,,,,,,,,,
2022-12-27 14:38:17.600000+00:00,0.0,,12.09,102700.0,,0.0,,,301.013,321.0,,0.0,None,0.0,280.0,,,0.0,,,,0.0,0.0,,0.0,,1.0,96000.0,6553.5,,,,292.709,,,,,0.0,0.0,0.0,,,,,,2975970.0,,0.0,,,,
2022-12-27 14:38:17.700000+00:00,0.0,,,102600.0,,0.0,,,,,,,None,,,,,0.0,,,,,,,,,1.0,96000.0,6553.5,,,,,,,,,0.0,0.0,0.0,,,,,,,,,,,,
2022-12-27 14:38:17.800000+00:00,0.0,,,102600.0,,0.0,,,,,,,None,,,,,0.0,,,,,,,,,1.0,96000.0,6553.5,,,,,,,,,0.0,0.0,0.0,,,,,,,,,,,,
2022-12-27 14:38:17.900000+00:00,0.0,,,102600.0,,0.0,,,,,,,None,,,,,0.0,,,,,,,,,1.0,96000.0,6553.5,,,,,,,,,0.0,0.0,0.0,,,,,,,,,,,,
2022-12-27 14:38:18+00:00,0.0,,,102600.0,,0.0,,,,,,,None,,,,,0.0,,,,,,,,,1.0,96000.0,6553.5,,,,,,,,,0.0,0.0,0.0,,,,,,,,,,,,
2022-12-27 14:38:18.100000+00:00,0.0,,12.09,102600.0,,0.0,,,301.013,321.0,,0.0,None,0.0,281.0,,,0.0,,,,0.0,,,,,1.0,96000.0,6553.5,,,,292.709,,,,,0.0,0.0,0.0,,,,,,2975970.0,,,,,,
2022-12-27 14:38:18.200000+00:00,0.0,,,102600.0,,0.0,,,,,,,None,,,,,0.0,,,,,,,,,1.0,96000.0,6553.5,,,,,,,,,0.0,0.0,0.0,,,,,,,,,,,,
2022-12-27 14:38:18.300000+00:00,0.0,,,102600.0,,0.0,,,,,,,None,,,,,0.0,,,,,,,,,1.0,96000.0,6553.5,,,,,,,,,0.0,0.0,0.0,,,,,,,,,,,,
2022-12-27 14:38:18.400000+00:00,0.0,,,102600.0,,0.0,,,,,,,None,,,,,0.0,,,,,,,,,1.0,96000.0,6553.5,,,,,,,,,0.0,0.0,0.0,,,,,,,,,,,,
2022-12-27 14:38:18.500000+00:00,0.0,,,102600.0,,0.0,,,,,,,None,,,,,0.0,,,,,,,,,1.0,96000.0,6553.5,,,,,,,,,0.0,0.0,0.0,,,,,,,,,,,,
2022-12-27 14:38:18.600000+00:00,0.0,102400.0,12.09,102600.0,,0.0,,,301.013,321.0,,0.0,None,0.0,281.0,,,0.0,,,228885.3,0.0,0.0,,0.0,,1.0,96000.0,6553.5,,,,292.709,,,,,0.0,0.0,0.0,,,,,,2975970.0,0.0,0.0,96000.0,,,
2022-12-27 14:38:18.700000+00:00,0.0,,,102600.0,,0.0,,,,,,,None,,,,,0.0,,,,,,,,,1.0,96000.0,6553.5,,,,,,,,,0.0,0.0,0.0,,,,,,,,,,,,
2022-12-27 14:38:18.800000+00:00,0.0,,,102600.0,,0.0,,,,,,,None,,,,,0.0,,,,,,,,,1.0,96000.0,6553.5,,,,,,,,,0.0,0.0,0.0,,,,,,,,,,,,
2022-12-27 14:38:18.900000+00:00,0.0,,,102600.0,,0.0,,,,,,,None,,,,,0.0,,,,,,,,,1.0,96000.0,6553.5,,,,,,,,,0.0,0.0,0.0,,,,,,,,,,,,
2022-12-27 14:38:19+00:00,0.0,,,102600.0,,0.0,,,,,,,None,,,,,0.0,,,,,,,,,1.0,96000.0,6553.5,,,,,,,,,0.0,0.0,0.0,,,,,,,,,,,,
2022-12-27 14:38:19.100000+00:00,0.0,,12.09,102600.0,,0.0,,,301.013,321.0,,0.0,None,0.0,281.0,,,0.0,,,,0.0,,,,,1.0,96000.0,6553.5,,,,292.709,,,,,0.0,0.0,0.0,,,,,,2975970.0,,,,,,
2022-12-27 14:38:19.200000+00:00,0.0,,,102600.0,,0.0,,,,,,,None,,,,,0.0,,,,,,,,,1.0,96000.0,6553.5,,,,,,,,,0.0,0.0,0.0,,,,,,,,,,,,
2022-12-27 14:38:19.300000+00:00,0.0,,,102600.0,,0.0,,,,,,,None,,,,,0.0,,,,,,,,,1.0,96000.0,6553.5,,,,,,,,,0.0,0.0,0.0,,,,,,,,,,,,
2022-12-27 14:38:19.400000+00:00,0.0,,,102600.0,,0.0,,,,,,,None,,,,,0.0,,,,,,,,,1.0,96000.0,6553.5,,,,,,,,,0.0,0.0,0.0,,,,,,,,,,,,
2022-12-27 14:38:19.500000+00:00,0.0,,,102600.0,,0.0,,,,,,,None,,,,,0.0,,,,,,,,,1.0,96000.0,6553.5,,,,,,,,,0.0,0.0,0.0,,,,,,,,,,,,
2022-12-27 14:38:19.600000+00:00,0.0,,12.09,102600.0,,0.0,,,301.013,321.0,,0.0,None,0.0,281.0,,,0.0,,,,0.0,0.0,,0.0,,1.0,96000.0,6553.5,,,,292.709,,,,,0.0,0.0,0.0,,,,,,2975970.0,,0.0,,,,
2022-12-27 14:38:19.700000+00:00,0.0,,,102600.0,,0.0,,,,,,,None,,,,,0.0,,,,,,,,,1.0,96000.0,6553.5,,,,,,,,,0.0,0.0,0.0,,,,,,,,,,,,
2022-12-27 14:38:19.800000+00:00,0.0,,,102600.0,,0.0,,,,,,,None,,,,,0.0,,,,,,,,,1.0,96000.0,6553.5,,,,,,,,,0.0,0.0,0.0,,,,,,,,,,,,
2022-12-27 14:38:19.900000+00:00,0.0,,,102600.0,,0.0,,,,,,,None,,,,,0.0,,,,,,,,,1.0,96000.0,6553.5,,,,,,,,,0.0,0.0,0.0,,,,,,,,,,,,
2022-12-27 14:38:20+00:00,0.0,,,102600.0,,0.0,,,,,,,None,,,,,0.0,,,,,,,,,1.0,96000.0,6553.5,,,,,,,,,0.0,0.0,0.0,,,,,,,,,,,,
2022-12-27 14:38:20.100000+00:00,0.0,,12.09,102600.0,,0.0,,,301.114,321.0,,0.0,None,0.0,282.0,,,0.0,,,,0.0,,,,,1.0,96000.0,6553.5,,,,292.709,,,,,0.0,0.0,0.0,,,,,,2975970.0,,,,,,
2022-12-27 14:38:20.200000+00:00,0.0,,,102600.0,,0.0,,,,,,,None,,,,,0.0,,,,,,,,,1.0,96000.0,6553.5,,,,,,,,,0.0,0.0,0.0,,,,,,,,,,,,
2022-12-27 14:38:20.300000+00:00,0.0,,,102600.0,,0.0,,,,,,,None,,,,,0.0,,,,,,,,,1.0,96000.0,6553.5,,,,,,,,,0.0,0.0,0.0,,,,,,,,,,,,
2022-12-27 14:38:20.400000+00:00,0.0,,,102600.0,,0.0,,,,,,,None,,,,,0.0,,,,,,,,,1.0,96000.0,6553.5,,,,,,,,,0.0,0.0,0.0,,,,,,,,,,,,
2022-12-27 14:38:20.500000+00:00,0.0,,,102600.0,,0.0,,,,,,,None,,,,,0.0,,,,,,,,,1.0,96000.0,6553.5,,,,,,,,,0.0,0.0,0.0,,,,,,,,,,,,
2022-12-27 14:38:20.600000+00:00,0.0,102400.0,12.09,102600.0,,0.0,,,301.114,321.0,,0.0,None,0.0,282.0,,,0.0,,,228885.3,0.0,0.0,,0.0,,1.0,96000.0,6553.5,,,,292.709,,,,,0.0,0.0,0.0,,,,,,2975970.0,0.0,0.0,96000.0,,,
2022-12-27 14:38:20.700000+00:00,0.0,,,102600.0,,0.0,,,,,,,None,,,,,0.0,,,,,,,,,1.0,96000.0,6553.5,,,,,,,,,0.0,0.0,0.0,,,,,,,,,,,,
2022-12-27 14:38:20.800000+00:00,0.0,,,102600.0,,0.0,,,,,,,None,,,,,0.0,,,,,,,,,1.0,96000.0,6553.5,,,,,,,,,0.0,0.0,0.0,,,,,,,,,,,,
2022-12-27 14:38:20.900000+00:00,0.0,,,102600.0,,0.0,,,,,,,None,,,,,0.0,,,,,,,,,1.0,96000.0,6553.5,,,,,,,,,0.0,0.0,0.0,,,,,,,,,,,,
2022-12-27 14:38:21+00:00,0.0,,,102600.0,,0.0,,,,,,,None,,,,,0.0,,,,,,,,,1.0,96000.0,6553.5,,,,,,,,,0.0,0.0,0.0,,,,,,,,,,,,
2022-12-27 14:38:21.100000+00:00,0.0,,12.09,102600.0,,0.0,,,301.114,321.0,,0.0,None,0.0,282.0,,,0.0,,,,0.0,,,,,1.0,97000.0,6553.5,,,,292.709,,,,,0.0,0.0,0.0,,,,,,2975970.0,,,,,,
2022-12-27 14:38:21.200000+00:00,0.0,,,102600.0,,0.0,,,,,,,None,,,,,0.0,,,,,,,,,1.0,96000.0,6553.5,,,,,,,,,0.0,0.0,0.0,,,,,,,,,,,,
2022-12-27 14:38:21.300000+00:00,0.0,,,102600.0,,0.0,,,,,,,None,,,,,0.0,,,,,,,,,1.0,96000.0,6553.5,,,,,,,,,0.0,0.0,0.0,,,,,,,,,,,,
2022-12-27 14:38:21.400000+00:00,0.0,,,102600.0,,0.0,,,,,,,None,,,,,0.0,,,,,,,,,1.0,96000.0,6553.5,,,,,,,,,0.0,0.0,0.0,,,,,,,,,,,,
2022-12-27 14:38:21.500000+00:00,0.0,,,102600.0,,0.0,,,,,,,None,,,,,0.0,,,,,,,,,1.0,96000.0,6553.5,,,,,,,,,0.0,0.0,0.0,,,,,,,,,,,,
2022-12-27 14:38:21.600000+00:00,0.0,,12.09,102600.0,,0.0,,,301.114,321.0,,0.0,None,0.0,282.0,,,0.0,,,,0.0,0.0,,0.0,,1.0,96000.0,6553.5,,,,292.709,,,,,0.0,0.0,0.0,,,,,,2975970.0,,0.0,,,,
2022-12-27 14:38:21.700000+00:00,0.0,,,102600.0,,0.0,,,,,,,None,,,,,0.0,,,,,,,,,1.0,96000.0,6553.5,,,,,,,,,0.0,0.0,0.0,,,,,,,,,,,,
2022-12-27 14:38:21.800000+00:00,0.0,,,102600.0,,0.0,,,,,,,None,,,,,0.0,,,,,,,,,1.0,96000.0,6553.5,,,,,,,,,0.0,0.0,0.0,,,,,,,,,,,,
2022-12-27 14:38:21.900000+00:00,0.0,,,102600.0,,0.0,,,,,,,None,,,,,0.0,,,,,,,,,1.0,96000.0,6553.5,,,,,,,,,0.0,0.0,0.0,,,,,,,,,,,,
2022-12-27 14:38:22+00:00,0.0,,,102600.0,,0.0,,,,,,,None,,,,,0.0,,,,,,,,,1.0,96000.0,6553.5,,,,,,,,,0.0,0.0,0.0,,,,,,,,,,,,
2022-12-27 14:38:22.100000+00:00,0.0,,12.09,102600.0,,0.0,,,301.114,321.0,,0.0,None,0.0,283.0,,,0.0,,,,0.0,,,,,1.0,96000.0,6553.5,,,,292.709,,,,,0.0,0.0,0.0,,,,,,2975970.0,,,,,,
2022-12-27 14:38:22.200000+00:00,0.0,,,102600.0,,0.0,,,,,,,None,,,,,0.0,,,,,,,,,1.0,96000.0,6553.5,,,,,,,,,0.0,0.0,0.0,,,,,,,,,,,,
2022-12-27 14:38:22.300000+00:00,0.0,,,102600.0,,0.0,,,,,,,None,,,,,0.0,,,,,,,,,1.0,96000.0,6553.5,,,,,,,,,0.0,0.0,0.0,,,,,,,,,,,,
2022-12-27 14:38:22.400000+00:00,0.0,,,102600.0,,0.0,,,,,,,None,,,,,0.0,,,,,,,,,1.0,96000.0,6553.5,,,,,,,,,0.0,0.0,0.0,,,,,,,,,,,,
2022-12-27 14:38:22.500000+00:00,0.0,,,102600.0,,0.0,,,,,,,None,,,,,0.0,,,,,,,,,1.0,96000.0,6553.5,,,,,,,,,0.0,0.0,0.0,,,,,,,,,,,,
2022-12-27 14:38:22.600000+00:00,0.0,102400.0,12.09,102600.0,,0.0,,,301.114,321.0,,0.0,None,0.0,283.0,,,0.0,,,228885.3,0.0,0.0,,0.0,,1.0,96000.0,6553.5,,,,292.709,,,,,0.0,0.0,0.0,,,,,,2975970.0,0.0,0.0,96000.0,,,
2022-12-27 14:38:22.700000+00:00,0.0,,,102600.0,,0.0,,,,,,,None,,,,,0.0,,,,,,,,,1.0,96000.0,6553.5,,,,,,,,,0.0,0.0,0.0,,,,,,,,,,,,
2022-12-27 14:38:22.800000+00:00,0.0,,,102600.0,,0.0,,,,,,,None,,,,,0.0,,,,,,,,,1.0,96000.0,6553.5,,,,,,,,,0.0,0.0,0.0,,,,,,,,,,,,
2022-12-27 14:38:22.900000+00:00,0.0,,,102600.0,,0.0,,,,,,,None,,,,,0.0,,,,,,,,,1.0,97000.0,6553.5,,,,,,,,,0.0,0.0,0.0,,,,,,,,,,,,
2022-12-27 14:38:23+00:00,0.0,,,102600.0,,0.0,,,,,,,None,,,,,0.0,,,,,,,,,1.0,97000.0,6553.5,,,,,,,,,0.0,0.0,0.0,,,,,,,,,,,,
2022-12-27 14:38:23.100000+00:00,0.0,,12.09,102600.0,,0.0,,,301.114,321.0,,0.0,None,0.0,283.0,,,0.0,,,,0.0,,,,,1.0,97000.0,6553.5,,,,292.709,,,,,0.0,0.0,0.0,,,,,,2975970.0,,,,,,
2022-12-27 14:38:23.200000+00:00,0.0,,,102600.0,,0.0,,,,,,,None,,,,,0.0,,,,,,,,,1.0,98000.0,6553.5,,,,,,,,,0.0,0.0,0.0,,,,,,,,,,,,
2022-12-27 14:38:23.300000+00:00,0.0,,,102600.0,,0.0,,,,,,,None,,,,,0.0,,,,,,,,,1.0,98000.0,6553.5,,,,,,,,,0.0,0.0,0.0,,,,,,,,,,,,
2022-12-27 14:38:23.400000+00:00,0.0,,,102600.0,,0.0,,,,,,,None,,,,,0.0,,,,,,,,,1.0,98000.0,6553.5,,,,,,,,,0.0,0.0,0.0,,,,,,,,,,,,
2022-12-27 14:38:23.500000+00:00,0.0,,,102600.0,,0.0,,,,,,,None,,,,,0.0,,,,,,,,,1.0,99000.0,6553.5,,,,,,,,,0.0,0.0,0.0,,,,,,,,,,,,
2022-12-27 14:38:23.600000+00:00,0.0,,12.15,102600.0,,0.0,,,301.114,321.0,,0.0,None,0.0,283.0,,,0.0,,,,0.0,0.0,,0.0,,1.0,99000.0,6553.5,,,,292.709,,,,,0.0,0.0,0.0,,,,,,2975970.0,,0.0,,,,
2022-12-27 14:38:23.700000+00:00,0.0,,,102600.0,,0.0,,,,,,,None,,,,,0.0,,,,,,,,,1.0,100000.0,6553.5,,,,,,,,,0.0,0.0,0.0,,,,,,,,,,,,
2022-12-27 14:38:23.800000+00:00,0.0,,,102600.0,,0.0,,,,,,,None,,,,,0.0,,,,,,,,,1.0,100000.0,6553.5,,,,,,,,,0.0,0.0,0.0,,,,,,,,,,,,
2022-12-27 14:38:23.900000+00:00,0.0,,,102600.0,,0.0,,,,,,,None,,,,,0.0,,,,,,,,,1.0,101000.0,6553.5,,,,,,,,,0.0,0.0,0.0,,,,,,,,,,,,
2022-12-27 14:38:24+00:00,0.0,,,102600.0,,0.0,,,,,,,None,,,,,0.0,,,,,,,,,1.0,101000.0,6553.5,,,,,,,,,0.0,0.0,0.0,,,,,,,,,,,,
2022-12-27 14:38:24.100000+00:00,0.0,,12.15,102600.0,,0.0,,,301.114,321.0,,0.0,None,0.0,284.0,,,0.0,,,,0.0,,,,,1.0,101000.0,6553.5,,,,292.709,,,,,0.0,0.0,0.0,,,,,,2975970.0,,,,,,
2022-12-27 14:38:24.200000+00:00,0.0,,,102600.0,,0.0,,,,,,,None,,,,,0.0,,,,,,,,,1.0,101000.0,6553.5,,,,,,,,,0.0,0.0,0.0,,,,,,,,,,,,
2022-12-27 14:38:24.300000+00:00,0.0,,,102600.0,,0.0,,,,,,,None,,,,,0.0,,,,,,,,,1.0,101000.0,6553.5,,,,,,,,,0.0,0.0,0.0,,,,,,,,,,,,
2022-12-27 14:38:24.400000+00:00,0.0,,,102600.0,,0.0,,,,,,,None,,,,,0.0,,,,,,,,,1.0,101000.0,6553.5,,,,,,,,,0.0,0.0,0.0,,,,,,,,,,,,
2022-12-27 14:38:24.500000+00:00,0.0,,,102600.0,,0.0,,,,,,,None,,,,,0.0,,,,,,,,,1.0,101000.0,6553.5,,,,,,,,,0.0,0.0,0.0,,,,,,,,,,,,
2022-12-27 14:38:24.600000+00:00,0.0,102400.0,12.17,102600.0,,0.0,,,301.114,321.0,,0.0,None,0.0,284.0,,,0.0,,,228885.3,0.0,0.0,,0.0,,1.0,101000.0,6553.5,,,,292.709,,,,,0.0,0.0,0.0,,,,,,2975970.0,0.0,0.0,101000.0,,,
2022-12-27 14:38:24.700000+00:00,0.0,,,102600.0,,0.0,,,,,,,None,,,,,0.0,,,,,,,,,1.0,101000.0,6553.5,,,,,,,,,0.0,0.0,0.0,,,,,,,,,,,,
2022-12-27 14:38:24.800000+00:00,0.0,,,102600.0,,0.0,,,,,,,None,,,,,0.0,,,,,,,,,1.0,101000.0,6553.5,,,,,,,,,0.0,0.0,0.0,,,,,,,,,,,,
2022-12-27 14:38:24.900000+00:00,0.0,,,102600.0,,0.0,,,,,,,None,,,,,0.0,,,,,,,,,1.0,101000.0,6553.5,,,,,,,,,0.0,0.0,0.0,,,,,,,,,,,,
2022-12-27 14:38:25+00:00,0.0,,,102600.0,,0.0,,,,,,,None,,,,,0.0,,,,,,,,,1.0,101000.0,6553.5,,,,,,,,,0.0,0.0,0.0,,,,,,,,,,,,
2022-12-27 14:38:25.100000+00:00,0.0,,12.17,102600.0,,0.0,,,301.114,321.0,,0.0,None,0.0,284.0,,,0.0,,,,0.0,,,,,1.0,101000.0,6553.5,,,,292.709,,,,,0.0,0.0,0.0,,,,,,2975970.0,,,,,,
2022-12-27 14:38:25.200000+00:00,0.0,,,102600.0,,0.0,,,,,,,None,,,,,0.0,,,,,,,,,1.0,101000.0,6553.5,,,,,,,,,0.0,0.0,0.0,,,,,,,,,,,,
2022-12-27 14:38:25.300000+00:00,0.0,,,102600.0,,0.0,,,,,,,None,,,,,0.0,,,,,,,,,1.0,101000.0,6553.5,,,,,,,,,0.0,0.0,0.0,,,,,,,,,,,,
2022-12-27 14:38:25.400000+00:00,0.0,,,102600.0,,0.0,,,,,,,None,,,,,0.0,,,,,,,,,1.0,101000.0,6553.5,,,,,,,,,0.0,0.0,0.0,,,,,,,,,,,,
2022-12-27 14:38:25.500000+00:00,0.0,,,102600.0,,0.0,,,,,,,None,,,,,0.0,,,,,,,,,1.0,101000.0,6553.5,,,,,,,,,0.0,0.0,0.0,,,,,,,,,,,,
2022-12-27 14:38:25.600000+00:00,0.0,,12.17,102600.0,,0.0,,,301.114,321.0,,0.0,None,0.0,284.0,,,0.0,,,,0.0,0.0,,0.0,,1.0,101000.0,6553.5,,,,292.709,,,,,0.0,0.0,0.0,,,,,,2975970.0,,0.0,,,,
2022-12-27 14:38:25.700000+00:00,0.0,,,102600.0,,0.0,,,,,,,None,,,,,0.0,,,,,,,,,1.0,101000.0,6553.5,,,,,,,,,0.0,0.0,0.0,,,,,,,,,,,,
2022-12-27 14:38:25.800000+00:00,0.0,,,102600.0,,0.0,,,,,,,None,,,,,0.0,,,,,,,,,1.0,101000.0,6553.5,,,,,,,,,0.0,0.0,0.0,,,,,,,,,,,,
2022-12-27 14:38:25.900000+00:00,0.0,,,102600.0,,0.0,,,,,,,None,,,,,0.0,,,,,,,,,1.0,101000.0,6553.5,,,,,,,,,0.0,0.0,0.0,,,,,,,,,,,,
2022-12-27 14:38:26+00:00,0.0,,,102600.0,,0.0,,,,,,,None,,,,,0.0,,,,,,,,,1.0,101000.0,6553.5,,,,,,,,,0.0,0.0,0.0,,,,,,,,,,,,
2022-12-27 14:38:26.100000+00:00,0.0,,12.17,102600.0,,0.0,,,301.114,321.0,,0.0,None,0.0,285.0,,,0.0,,,,0.0,,,,,1.0,101000.0,6553.5,,,,292.709,,,,,0.0,0.0,0.0,,,,,,2975970.0,,,,,,
2022-12-27 14:38:26.200000+00:00,0.0,,,102600.0,,0.0,,,,,,,None,,,,,0.0,,,,,,,,,1.0,102000.0,6553.5,,,,,,,,,0.0,0.0,0.0,,,,,,,,,,,,
2022-12-27 14:38:26.300000+00:00,0.0,,,102600.0,,0.0,,,,,,,None,,,,,0.0,,,,,,,,,1.0,102000.0,6553.5,,,,,,,,,0.0,0.0,0.0,,,,,,,,,,,,
2022-12-27 14:38:26.400000+00:00,0.0,,,102600.0,,0.0,,,,,,,None,,,,,0.0,,,,,,,,,1.0,102000.0,6553.5,,,,,,,,,0.0,0.0,0.0,,,,,,,,,,,,
2022-12-27 14:38:26.500000+00:00,0.0,,,102700.0,,0.0,,,,,,,None,,,,,0.0,,,,,,,,,1.0,102000.0,6553.5,,,,,,,,,0.0,0.0,0.0,,,,,,,,,,,,
2022-12-27 14:38:26.600000+00:00,0.0,102400.0,12.17,102700.0,,0.0,,,301.114,321.0,,0.0,None,0.0,285.0,,,0.0,,,228885.3,0.0,0.0,,0.0,,1.0,102000.0,6553.5,,,,292.709,,,,,0.0,0.0,0.0,,,,,,2975970.0,0.0,0.0,102000.0,,,
2022-12-27 14:38:26.700000+00:00,0.0,,,102700.0,,0.0,,,,,,,None,,,,,0.0,,,,,,,,,1.0,102000.0,6553.5,,,,,,,,,0.0,0.0,0.0,,,,,,,,,,,,
2022-12-27 14:38:26.800000+00:00,0.0,,,102700.0,,0.0,,,,,,,None,,,,,0.0,,,,,,,,,1.0,102000.0,6553.5,,,,,,,,,0.0,0.0,0.0,,,,,,,,,,,,
2022-12-27 14:38:26.900000+00:00,0.0,,,102700.0,,0.0,,,,,,,None,,,,,0.0,,,,,,,,,1.0,101000.0,6553.5,,,,,,,,,0.0,0.0,0.0,,,,,,,,,,,,
2022-12-27 14:38:27+00:00,0.0,,,102700.0,,0.0,,,,,,,None,,,,,0.0,,,,,,,,,1.0,101000.0,6553.5,,,,,,,,,0.0,0.0,0.0,,,,,,,,,,,,
2022-12-27 14:38:27.100000+00:00,0.0,,12.17,102700.0,,0.0,,,301.114,321.0,,0.0,None,0.0,285.0,,,0.0,,,,0.0,,,,,1.0,101000.0,6553.5,,,,292.709,,,,,0.0,0.0,0.0,,,,,,2975970.0,,,,,,
2022-12-27 14:38:27.200000+00:00,0.0,,,102700.0,,0.0,,,,,,,None,,,,,0.0,,,,,,,,,1.0,101000.0,6553.5,,,,,,,,,0.0,0.0,0.0,,,,,,,,,,,,
2022-12-27 14:38:27.300000+00:00,0.0,,,102600.0,,0.0,,,,,,,None,,,,,0.0,,,,,,,,,1.0,101000.0,6553.5,,,,,,,,,0.0,0.0,0.0,,,,,,,,,,,,
2022-12-27 14:38:27.400000+00:00,0.0,,,102600.0,,0.0,,,,,,,None,,,,,0.0,,,,,,,,,1.0,101000.0,6553.5,,,,,,,,,0.0,0.0,0.0,,,,,,,,,,,,
2022-12-27 14:38:27.500000+00:00,0.0,,,102600.0,,0.0,,,,,,,None,,,,,0.0,,,,,,,,,1.0,101000.0,6553.5,,,,,,,,,0.0,0.0,0.0,,,,,,,,,,,,
2022-12-27 14:38:27.600000+00:00,0.0,,12.17,102600.0,,0.0,,,301.114,321.0,,0.0,None,0.0,285.0,,,0.0,,,,0.0,0.0,,0.0,,1.0,101000.0,6553.5,,,,292.709,,,,,0.0,0.0,0.0,,,,,,2975970.0,,0.0,,,,
2022-12-27 14:38:27.700000+00:00,0.0,,,102600.0,,0.0,,,,,,,None,,,,,0.0,,,,,,,,,1.0,101000.0,6553.5,,,,,,,,,0.0,0.0,0.0,,,,,,,,,,,,
2022-12-27 14:38:27.800000+00:00,0.0,,,102600.0,,0.0,,,,,,,None,,,,,0.0,,,,,,,,,1.0,101000.0,6553.5,,,,,,,,,0.0,0.0,0.0,,,,,,,,,,,,
2022-12-27 14:38:27.900000+00:00,0.0,,,102600.0,,0.0,,,,,,,None,,,,,0.0,,,,,,,,,1.0,101000.0,6553.5,,,,,,,,,0.0,0.0,0.0,,,,,,,,,,,,
2022-12-27 14:38:28+00:00,0.0,,,102600.0,,0.0,,,,,,,None,,,,,0.0,,,,,,,,,1.0,101000.0,6553.5,,,,,,,,,0.0,0.0,0.0,,,,,,,,,,,,
2022-12-27 14:38:28.100000+00:00,0.0,,12.17,102600.0,,0.0,,,301.114,321.0,,0.0,None,0.0,285.0,,,0.0,,,,0.0,,,,,1.0,101000.0,6553.5,,,,292.709,,,,,0.0,0.0,0.0,,,,,,2975970.0,,,,,,
2022-12-27 14:38:28.200000+00:00,0.0,,,102600.0,,0.0,,,,,,,None,,,,,0.0,,,,,,,,,1.0,101000.0,6553.5,,,,,,,,,0.0,0.0,0.0,,,,,,,,,,,,
2022-12-27 14:38:28.300000+00:00,0.0,,,102600.0,,0.0,,,,,,,None,,,,,0.0,,,,,,,,,1.0,101000.0,6553.5,,,,,,,,,0.0,0.0,0.0,,,,,,,,,,,,
2022-12-27 14:38:28.400000+00:00,0.0,,,102600.0,,0.0,,,,,,,None,,,,,0.0,,,,,,,,,1.0,101000.0,6553.5,,,,,,,,,0.0,0.0,0.0,,,,,,,,,,,,
2022-12-27 14:38:28.500000+00:00,0.0,,,102600.0,,0.0,,,,,,,None,,,,,0.0,,,,,,,,,1.0,101000.0,6553.5,,,,,,,,,0.0,0.0,0.0,,,,,,,,,,,,
2022-12-27 14:38:28.600000+00:00,0.0,102400.0,12.17,102600.0,,0.0,,,301.114,321.0,,0.0,None,0.0,285.0,,,0.0,,,228885.3,0.0,0.0,,0.0,,1.0,101000.0,6553.5,,,,292.609,,,,,0.0,0.0,0.0,,,,,,2975970.0,0.0,0.0,101000.0,,,
2022-12-27 14:38:28.700000+00:00,0.0,,,102600.0,,0.0,,,,,,,None,,,,,0.0,,,,,,,,,1.0,101000.0,6553.5,,,,,,,,,0.0,0.0,0.0,,,,,,,,,,,,
2022-12-27 14:38:28.800000+00:00,0.0,,,102600.0,,0.0,,,,,,,None,,,,,0.0,,,,,,,,,1.0,101000.0,6553.5,,,,,,,,,0.0,0.0,0.0,,,,,,,,,,,,
2022-12-27 14:38:28.900000+00:00,0.0,,,102600.0,,0.0,,,,,,,None,,,,,0.0,,,,,,,,,1.0,101000.0,6553.5,,,,,,,,,0.0,0.0,0.0,,,,,,,,,,,,
2022-12-27 14:38:29+00:00,0.0,,,102600.0,,0.0,,,,,,,None,,,,,0.0,,,,,,,,,1.0,101000.0,6553.5,,,,,,,,,0.0,0.0,0.0,,,,,,,,,,,,
2022-12-27 14:38:29.100000+00:00,0.0,,12.17,102600.0,,0.0,,,301.114,321.0,,0.0,None,0.0,286.0,,,0.0,,,,0.0,,,,,1.0,101000.0,6553.5,,,,292.609,,,,,0.0,0.0,0.0,,,,,,2975970.0,,,,,,
2022-12-27 14:38:29.200000+00:00,0.0,,,102600.0,,0.0,,,,,,,None,,,,,0.0,,,,,,,,,1.0,101000.0,6553.5,,,,,,,,,0.0,0.0,0.0,,,,,,,,,,,,
2022-12-27 14:38:29.300000+00:00,0.0,,,102600.0,,0.0,,,,,,,None,,,,,0.0,,,,,,,,,1.0,101000.0,6553.5,,,,,,,,,0.0,0.0,0.0,,,,,,,,,,,,
2022-12-27 14:38:29.400000+00:00,0.0,,,102600.0,,0.0,,,,,,,None,,,,,0.0,,,,,,,,,1.0,101000.0,6553.5,,,,,,,,,0.0,0.0,0.0,,,,,,,,,,,,
2022-12-27 14:38:29.500000+00:00,0.0,,,102600.0,,0.0,,,,,,,None,,,,,0.0,,,,,,,,,1.0,101000.0,6553.5,,,,,,,,,0.0,0.0,0.0,,,,,,,,,,,,
2022-12-27 14:38:29.600000+00:00,0.0,,12.17,102600.0,,0.0,,,301.114,321.0,,0.0,None,0.0,286.0,,,0.0,,,,0.0,0.0,,0.0,,1.0,101000.0,6553.5,,,,292.709,,,,,0.0,0.0,0.0,,,,,,2975970.0,,0.0,,,,
2022-12-27 14:38:29.700000+00:00,0.0,,,102600.0,,0.0,,,,,,,None,,,,,0.0,,,,,,,,,1.0,101000.0,6553.5,,,,,,,,,0.0,0.0,0.0,,,,,,,,,,,,
2022-12-27 14:38:29.800000+00:00,0.0,,,102600.0,,0.0,,,,,,,None,,,,,0.0,,,,,,,,,1.0,101000.0,6553.5,,,,,,,,,0.0,0.0,0.0,,,,,,,,,,,,
2022-12-27 14:38:29.900000+00:00,0.0,,,102600.0,,0.0,,,,,,,None,,,,,0.0,,,,,,,,,1.0,101000.0,6553.5,,,,,,,,,0.0,0.0,0.0,,,,,,,,,,,,
2022-12-27 14:38:30+00:00,0.0,,,102600.0,,0.0,,,,,,,None,,,,,0.0,,,,,,,,,1.0,101000.0,6553.5,,,,,,,,,0.0,0.0,0.0,,,,,,,,,,,,
2022-12-27 14:38:30.100000+00:00,0.0,,12.17,102600.0,,0.0,,,301.114,321.0,,0.0,None,0.0,286.0,,,0.0,,,,0.0,,,,,1.0,101000.0,6553.5,,,,292.609,,,,,0.0,0.0,0.0,,,,,,2975970.0,,,,,,
2022-12-27 14:38:30.200000+00:00,0.0,,,102600.0,,0.0,,,,,,,None,,,,,0.0,,,,,,,,,1.0,101000.0,6553.5,,,,,,,,,0.0,0.0,0.0,,,,,,,,,,,,
2022-12-27 14:38:30.300000+00:00,0.0,,,102600.0,,0.0,,,,,,,None,,,,,0.0,,,,,,,,,1.0,101000.0,6553.5,,,,,,,,,0.0,0.0,0.0,,,,,,,,,,,,
2022-12-27 14:38:30.400000+00:00,0.0,,,102600.0,,0.0,,,,,,,None,,,,,0.0,,,,,,,,,1.0,101000.0,6553.5,,,,,,,,,0.0,0.0,0.0,,,,,,,,,,,,
2022-12-27 14:38:30.500000+00:00,0.0,,,102700.0,,0.0,,,,,,,None,,,,,0.0,,,,,,,,,1.0,101000.0,6553.5,,,,,,,,,0.0,0.0,0.0,,,,,,,,,,,,
2022-12-27 14:38:30.600000+00:00,0.0,102400.0,12.21,102700.0,,0.0,,,301.216,321.0,,0.0,None,0.0,286.0,,,0.0,,,228885.3,0.0,0.0,,0.0,,1.0,101000.0,6553.5,,,,292.609,,,,,0.0,0.0,0.0,,,,,,2975970.0,0.0,0.0,101000.0,,,
2022-12-27 14:38:30.700000+00:00,0.0,,,102700.0,,0.0,,,,,,,None,,,,,0.0,,,,,,,,,1.0,101000.0,6553.5,,,,,,,,,0.0,0.0,0.0,,,,,,,,,,,,
2022-12-27 14:38:30.800000+00:00,0.0,,,102700.0,,0.0,,,,,,,None,,,,,0.0,,,,,,,,,1.0,101000.0,6553.5,,,,,,,,,0.0,0.0,0.0,,,,,,,,,,,,
2022-12-27 14:38:30.900000+00:00,0.0,,,102700.0,,0.0,,,,,,,None,,,,,0.0,,,,,,,,,1.0,101000.0,6553.5,,,,,,,,,0.0,0.0,0.0,,,,,,,,,,,,
2022-12-27 14:38:31+00:00,0.0,,,102700.0,,0.0,,,,,,,None,,,,,0.0,,,,,,,,,1.0,101000.0,6553.5,,,,,,,,,0.0,0.0,0.0,,,,,,,,,,,,
2022-12-27 14:38:31.100000+00:00,0.0,,12.21,102700.0,,0.0,,,301.216,321.0,,0.0,None,0.0,287.0,,,0.0,,,,0.0,,,,,1.0,101000.0,6553.5,,,,292.609,,,,,0.0,0.0,0.0,,,,,,2975970.0,,,,,,
2022-12-27 14:38:31.200000+00:00,0.0,,,102700.0,,0.0,,,,,,,None,,,,,0.0,,,,,,,,,1.0,101000.0,6553.5,,,,,,,,,0.0,0.0,0.0,,,,,,,,,,,,
2022-12-27 14:38:31.300000+00:00,0.0,,,102600.0,,0.0,,,,,,,None,,,,,0.0,,,,,,,,,1.0,101000.0,6553.5,,,,,,,,,0.0,0.0,0.0,,,,,,,,,,,,
2022-12-27 14:38:31.400000+00:00,0.0,,,102600.0,,0.0,,,,,,,None,,,,,0.0,,,,,,,,,1.0,101000.0,6553.5,,,,,,,,,0.0,0.0,0.0,,,,,,,,,,,,
2022-12-27 14:38:31.500000+00:00,0.0,,,102600.0,,0.0,,,,,,,None,,,,,0.0,,,,,,,,,1.0,101000.0,6553.5,,,,,,,,,0.0,0.0,0.0,,,,,,,,,,,,
2022-12-27 14:38:31.600000+00:00,0.0,,12.21,102600.0,,0.0,,,301.216,321.0,,0.0,None,0.0,287.0,,,0.0,,,,0.0,0.0,,0.0,,1.0,101000.0,6553.5,,,,292.609,,,,,0.0,0.0,0.0,,,,,,2975970.0,,0.0,,,,
2022-12-27 14:38:31.700000+00:00,0.0,,,102600.0,,0.0,,,,,,,None,,,,,0.0,,,,,,,,,1.0,101000.0,6553.5,,,,,,,,,0.0,0.0,0.0,,,,,,,,,,,,
2022-12-27 14:38:31.800000+00:00,0.0,,,102600.0,,0.0,,,,,,,None,,,,,0.0,,,,,,,,,1.0,101000.0,6553.5,,,,,,,,,0.0,0.0,0.0,,,,,,,,,,,,
2022-12-27 14:38:31.900000+00:00,0.0,,,102600.0,,0.0,,,,,,,None,,,,,0.0,,,,,,,,,1.0,101000.0,6553.5,,,,,,,,,0.0,0.0,0.0,,,,,,,,,,,,
2022-12-27 14:38:32+00:00,0.0,,,102600.0,,0.0,,,,,,,None,,,,,0.0,,,,,,,,,1.0,101000.0,6553.5,,,,,,,,,0.0,0.0,0.0,,,,,,,,,,,,
2022-12-27 14:38:32.100000+00:00,0.0,,12.21,102600.0,,0.0,,,301.216,321.0,,0.0,None,0.0,287.0,,,0.0,,,,0.0,,,,,1.0,101000.0,6553.5,,,,292.709,,,,,0.0,0.0,0.0,,,,,,2975970.0,,,,,,
2022-12-27 14:38:32.200000+00:00,0.0,,,102600.0,,0.0,,,,,,,None,,,,,0.0,,,,,,,,,1.0,101000.0,6553.5,,,,,,,,,0.0,0.0,0.0,,,,,,,,,,,,
2022-12-27 14:38:32.300000+00:00,0.0,,,102600.0,,0.0,,,,,,,None,,,,,0.0,,,,,,,,,1.0,101000.0,6553.5,,,,,,,,,0.0,0.0,0.0,,,,,,,,,,,,
2022-12-27 14:38:32.400000+00:00,0.0,,,102600.0,,0.0,,,,,,,None,,,,,0.0,,,,,,,,,1.0,101000.0,6553.5,,,,,,,,,0.0,0.0,0.0,,,,,,,,,,,,
2022-12-27 14:38:32.500000+00:00,0.0,,,102600.0,,0.0,,,,,,,None,,,,,0.0,,,,,,,,,1.0,101000.0,6553.5,,,,,,,,,0.0,0.0,0.0,,,,,,,,,,,,
2022-12-27 14:38:32.600000+00:00,0.0,102400.0,,102600.0,,0.0,,,301.216,,,,None,,,,,0.0,,,228885.3,,,,,,1.0,101000.0,6553.5,,,,292.709,,,,,0.0,0.0,0.0,,,,,,,0.0,,101000.0,,,
2022-12-27 14:38:32.700000+00:00,0.0,,,102600.0,,0.0,,,,,,,None,,,,,0.0,,,,,,,,,1.0,101000.0,6553.5,,,,,,,,,0.0,0.0,0.0,,,,,,,,,,,,
2022-12-27 14:38:32.800000+00:00,0.0,,,102600.0,,0.0,,,,,,,None,,,,,0.0,,,,,,,,,1.0,101000.0,6553.5,,,,,,,,,0.0,0.0,0.0,,,,,,,,,,,,
2022-12-27 14:38:32.900000+00:00,0.0,,,102600.0,,0.0,,,,,,,None,,,,,0.0,,,,,,,,,1.0,101000.0,6553.5,,,,,,,,,0.0,0.0,0.0,,,,,,,,,,,,
